{"cameraMode":{"drawMode":0,"name":"Shaded","section":"Shading Mode"},"sceneLighting":false,"audioPlay":false,"sceneViewState":{"showFog":true,"showMaterialUpdate":false,"showSkybox":true,"showFlares":true,"showImageEffects":true,"showParticleSystems":true},"in2DMode":false,"pivot":{"x":-0.2611396312713623,"y":0.5643219947814941,"z":-0.004746332298964262},"rotation":{"x":0.000638785888440907,"y":-0.9991328716278076,"z":0.016796644777059556,"w":0.038091376423835757},"size":8.535456657409668,"orthographic":false}