{"cameraMode":{"drawMode":0,"name":"Shaded","section":"Shading Mode"},"sceneLighting":false,"audioPlay":false,"sceneViewState":{"showFog":true,"showMaterialUpdate":false,"showSkybox":true,"showFlares":true,"showImageEffects":true,"showParticleSystems":true},"in2DMode":false,"pivot":{"x":-0.8169584274291992,"y":1.2580058574676514,"z":0.0},"rotation":{"x":0.000638785888440907,"y":-0.9991328716278076,"z":0.016796644777059556,"w":0.038091376423835757},"size":10.770125389099121,"orthographic":false}